ID,exponential_glrlm_GrayLevelNonUniformity,exponential_glrlm_ShortRunEmphasis,gradient_glcm_Imc2,gradient_glszm_ZoneEntropy,lbp_3D_k_glszm_SmallAreaLowGrayLevelEmphasis,lbp_3D_m1_glrlm_GrayLevelNonUniformityNormalized,original_shape_Elongation,square_firstorder_Range,squareroot_firstorder_Kurtosis,squareroot_glrlm_RunEntropy,squareroot_glszm_GrayLevelVariance,wavelet_HLH_glszm_LowGrayLevelZoneEmphasis,wavelet_HLL_firstorder_Kurtosis,wavelet_LHH_glrlm_LongRunHighGrayLevelEmphasis,wavelet_LLH_glszm_LargeAreaHighGrayLevelEmphasis
1.nii.gz,-0.09748462951512907,-0.6689075114541382,-2.3647534995358805,-2.62458461192033,-0.6499336314020573,-0.29065115766541355,-1.183747954103444,-0.4516970474041893,-0.5960674318147619,-2.3594016342004314,0.5650411783056962,-0.5140584357507316,-0.3627187371740599,-1.0289585690076806,-0.3836518467925995
10.nii.gz,-0.8750515211227012,0.09226406617152365,-1.4689517652370734,-2.4778595135037023,1.4150269653330492,-0.18562332096725215,-0.10823890308021406,-1.3095517307163826,-0.7030693213829362,-1.8944186521217943,-0.0768467951955468,-0.856727326818372,-0.36385027092449035,-1.0121074103465155,-0.7415978004446379
100.nii.gz,-0.7469217375531233,-1.1628099164626478,-0.4507727456580897,-2.0381009032574826,-0.2109489730217962,0.32886762579129986,-0.5824475812046552,0.583910410527869,0.28426135558209875,-3.1475825315065253,1.5140169826820244,1.3881578609263687,-0.012809866286327144,-1.282312598150546,-0.56709496564152
101.nii.gz,-0.8309037105460031,0.12666636229401193,1.2937540545071071,0.03462817798180444,-2.442096932799174,1.392658198394444,1.4573402335895305,-0.5477687822784455,1.22952116289652,-0.7420076805827198,-1.9321512392323152,1.301661388638713,-0.2778599610756408,-1.2704641455321104,-0.6712456698558931
102.nii.gz,-0.40562271476644707,-1.0096450572959021,0.20233669721816855,-0.14501513563321353,0.0522044509896082,0.3432001869410782,0.012986108568199343,-0.9949852458759569,-0.7191193811996682,0.24636734856711387,0.7106656830598408,-1.4664932394290178,0.0956416149400969,1.877574326872988,-0.5022036313465125
103.nii.gz,-0.942535007698317,-2.531588755821918,1.404338932539672,0.33669446363106814,-2.1961959491062943,0.08375979061584793,0.7438546152123057,0.13529558316611598,1.0498713864280718,-0.9326839086231743,-0.6787633228409388,0.6615874937100603,-0.32091156242025703,-1.2354988311849433,-0.9003127263903183
104.nii.gz,-0.1049305810902674,1.049773002803064,-0.5352106636948907,-0.5548682327333523,0.29998421613436466,2.630639193222734,-1.5642268396250425,-0.14725672617233168,0.7477360219092873,0.9270335010593321,-1.786035777462107,0.04459823105752338,-0.3402988871530193,-0.024264123216823696,0.5429637954467137
105.nii.gz,-0.42766461651395804,0.22240017881334975,0.33000833394869566,0.5223144560191487,-1.0046914403616753,-0.30499746034196806,0.3322758858249361,-0.1373261044708526,-0.6846184064121974,0.5198214947196138,0.2458334580493543,0.5771821449282603,-0.3623335184329927,0.2886909878837773,-0.636174240156204
106.nii.gz,0.31864466156720467,0.7799680168244736,1.0323347269201488,1.4541107419603965,-1.4355357799615993,-0.3150931912582582,-0.34648196152627647,0.4429447027742468,-0.602211985670961,0.3533436377751851,0.6066020783438746,1.123595718620968,-0.20735779759764528,-0.3799830884316941,-0.14033961008506027
107.nii.gz,-1.0628194183813808,-0.4184598732662711,1.5179895676838417,-0.33202006331615963,-1.5893944835078169,-0.19479024496523495,1.5896311186474363,-2.1081888547844905,0.15934699608598313,-0.5484094040635294,-1.261667584090097,0.8152052284929373,-0.3668227068424293,-0.5731776931542566,-0.8879886192924842
108.nii.gz,0.5929141306549535,0.14080500300105397,0.5702515651826139,0.7776228219094965,-1.5061395912535773,-0.651571865766948,0.6403862276877144,1.0801870690841369,0.1165998532133385,-0.0398373560548078,0.10738134285983654,-0.3219406863022596,-0.21097334457474587,-0.837788974855204,0.44867885573551886
109.nii.gz,0.03446130007556106,0.0938697619777544,-0.17854298234870292,0.24898582216829573,0.013630580746490642,-0.5035611370491869,-1.568634244043533,0.46046549840147766,-0.6296741947213838,-0.28031297563799296,-0.030888048079088282,1.312241122439188,1.0701285327817056,-0.8173816269044182,-0.45963698237801903
11.nii.gz,-1.0009667957543256,-1.4609877322456166,-0.39705050102855804,-2.3288967545138455,1.5684505813330314,0.6289007863942009,-1.1892885905801776,-1.4387249590058098,1.8528690648269244,-3.6497058796774002,1.9412747438491391,-0.3369277823786378,-0.30602635090624736,-1.0988553408342858,-0.8199891094763743
110.nii.gz,-0.568453246477883,-0.08136241306355761,0.7946683366242251,0.586668675810149,0.36325859671763583,0.346522521345322,2.241577075287698,0.574700513640203,-0.5183704746736054,0.14684953723327612,0.9332043722622003,-1.0522259969458132,-0.3601243794716798,0.13552376292498206,-0.5498890010240682
111.nii.gz,-1.0294503804134196,-1.9490215471191568,0.8359117926609229,-0.8122717697819121,1.1932181764266048,-0.5990169419188215,1.8318716514091238,-1.7263018903016663,-0.6150325747253546,-0.48719462544534364,-0.7117217761803181,-1.7386896122723892,-0.2945295365408148,-0.5094086096345702,-0.8784150138191562
112.nii.gz,0.06955999593072652,-0.5657822219250576,-0.6579116139464835,-0.3911851159361685,0.6197354268094059,-0.4307018019856528,-0.36363560990373045,0.6143167520724863,-0.4186122927658203,0.49643349546075766,0.10956024840549275,-0.6700832722096144,0.1478290609908134,0.04353685614118014,0.10838969885157546
113.nii.gz,0.2669615320829627,0.8424088232718103,0.11068259627971248,0.5995898055583163,0.45400154551315414,-0.5184980089508301,-0.9250793715751418,0.5951523501893368,-0.1319246771659999,1.0798783518321389,0.22232751352544128,0.12116582194395262,-0.35911626913144457,0.4735794464509068,0.7120364328366727
114.nii.gz,-0.6555632622162398,-0.018133308802385215,1.108675246930368,1.1632787344143998,0.9789419148867214,0.8361529487993444,-1.5406314844084106,-0.2641445143142705,-0.1517426252317273,-0.34683649843474507,0.7277370902789542,-2.030151832284544,-0.35191641911947424,3.1470745098470814,-0.7402745938407744
115.nii.gz,0.051379673019431985,0.29547667702265973,-0.5180362128269214,-0.7470908799234381,-1.350914601461472,0.34757876992530257,-0.27812048937377387,0.36288150697580035,-0.4683616528354712,0.27176476176514003,0.10749051729162136,-0.5417514287558082,-0.1344331329980544,-1.2167431102207293,0.3023262528477274
116.nii.gz,0.7189989429165853,0.9957138640978349,0.27695192713654193,0.3825597378899668,0.8902065579596955,-0.16830242183797178,-0.8987503013439865,0.2195993902304415,-0.21754055381831497,1.3830784646024827,0.33119363761467174,-0.04642720570822588,-0.36449442402807275,0.2860274341751377,0.977992696610817
117.nii.gz,-0.705166879581391,0.9064411773349188,1.3036957296696259,1.232300443651991,-0.7073721178559207,-0.28853696800777096,-0.7666170332771903,0.07316152257036097,-0.6618478715606022,0.7167615275440916,0.5195849457251037,0.22267968004469801,-0.3519688364040248,0.6241567487550265,-0.5885799876033407
118.nii.gz,0.5036903673448624,0.7204375665419099,-1.3259678509544497,-0.5564821680146361,1.5161665373605606,-0.5747421792559668,0.06806628415931933,0.10903822771353444,-0.28165012041554444,1.0521757957993834,0.2444045931133413,-1.1678356175396107,-0.3660359839908308,0.49371909741788017,1.221716867739462
119.nii.gz,2.545619319693327,-0.5502718501908127,-0.9384233908216902,-0.23340547302972225,0.08931402128881658,-0.2964594788157355,-1.0319787897075612,1.3400075952193573,-0.2998928294927189,-0.02036007901413064,0.31213726000606623,0.0720215818819472,0.748662657215517,-0.84008064770262,2.895402456754402
12.nii.gz,2.642050166479777,-0.5865363557909972,-2.260834612464682,-2.4617586054548095,0.3784656230656187,-0.3201902397312468,1.8178654076957963,0.9729715868102917,-0.486475624535152,-2.3388307343460175,0.2512151359088866,-1.1232116852772518,-0.365770690201369,-1.067472164009959,0.8324062691636942
120.nii.gz,0.04508269473136419,0.02211869586504972,0.059856513309080164,0.015072330579664388,-1.7131816297416524,-0.022428688914782988,-0.14617525357268488,0.3979456691980231,-0.5403691067463613,0.3043517676259858,1.1539169034032408,-0.28328349404176106,-0.16538273607018086,-0.8841967086709711,0.21047380591765763
121.nii.gz,0.15396575189014564,0.8256328873024263,0.8330592029545547,0.9834433161968562,0.6793105386857036,1.0859810633855096,-1.8852380718821131,1.440258723082861,1.629444841805292,0.6986239262538428,-1.2594718552812898,-0.6735666464926772,-0.0714256219680947,1.1657656746511078,0.27006242821245485
122.nii.gz,-0.3111007138627241,-0.146793724790194,-0.17848502890276324,-0.3282489621374969,0.6786862842416702,-0.7028560836917509,-1.465845083108937,0.46295823064837277,0.23573822216555979,0.5185538929413969,-0.8095201640813788,0.19219997076238132,-0.15036072633743547,0.2964639477921984,0.10916784479256705
123.nii.gz,0.2940223964505496,0.5471995015567417,1.0415634124648177,1.0730834381229022,0.396509131538097,0.24761399509505497,-0.9083856637823681,0.6725877072126191,-0.7606803050150657,0.6426053899966939,0.878563847295557,-0.8745898541187069,0.0013980936327201553,1.5218304494979482,0.2369080132305429
124.nii.gz,0.3282079624012398,0.5559232632649834,0.6881392037925048,1.1754713470895968,-0.19859504450092097,-0.6394877674903072,-1.3139365329114656,1.650711767336074,0.9356578718542415,0.6121813069846862,-0.632188227104209,-0.6351855921194184,-0.2925782524783969,0.6186147984928593,0.10825375154029251
125.nii.gz,-0.7636692350600518,0.9706020747425255,0.7763212910965587,0.08319448935105432,-0.5997821147962223,0.19384254103283152,-0.3351539787713058,-0.10820081963437975,1.1890719702427262,0.911235791420025,-1.3603338864459265,-0.7011504761380405,-0.2916306668594116,0.19514799458254728,-0.5148665484179723
126.nii.gz,-0.9618470735598851,1.0962002489307063,1.7172821819532367,2.6285678226769607,-2.251576019913352,-0.31268537872848284,-0.2459897328628511,1.6952410565545313,-0.7556616609323035,0.3582881505504543,1.2959806974890948,0.07075005223745781,-0.36052769016349817,-0.2128546279954839,-0.805488244309335
127.nii.gz,-0.7079676148824988,1.6527885399767277,0.550154459646231,0.2527314639124099,-0.15735830954181612,5.122772924317824,-0.3985257451880818,-0.085752817257728,1.5702340749961854,0.7990870041951774,-1.6101705620867044,0.5028914867029559,-0.2710422169542471,-0.1805453911492599,-0.3539627676503462
128.nii.gz,-0.7662794654206146,0.16249326444243858,1.0697873409821246,0.5462811670242755,0.26182581709080355,-0.6258897951420218,-0.5039561470845695,-1.3982921024008053,-0.4591817252697523,0.5147586344356355,0.7517837367429528,-0.5959028131409214,-0.308041184408255,-0.08139649608719583,-0.7233954094206094
129.nii.gz,-0.1200155342277949,-0.6839029175994575,-0.7098647228177821,-0.2994573377742381,1.6289271506581782,-0.4219920433188662,0.8848026208454404,-0.5423199539406552,-0.5389792567739724,0.3712434341682092,-0.10292740656665114,0.025838422395790695,-0.27369770157414025,-0.1640188625050928,-0.21314278500119505
13.nii.gz,0.28076786823764016,-0.17653939793570736,-1.5177149760116,-2.27008242282204,0.19156893457939309,-0.3129330761883346,-1.1205012646353127,0.9627506638271968,-0.4379842530176153,-1.987194521404054,0.6684422107384747,-1.1029405409581194,-0.3671644028510533,-1.1600003339648657,0.01064883743472486
130.nii.gz,-0.7688521159724588,0.9668774481228646,0.5745117070185507,0.0846552518962801,-0.8006909263953685,0.18493544474430762,1.73561269342294,-0.31444639798459295,-0.7514137602439903,0.9120157502514753,0.8578226885420643,-1.0417053814975696,-0.3620036369646482,1.0525745447395918,-0.6085461825413513
131.nii.gz,-0.20713807535303383,-0.09872505185453366,0.22139408525734378,0.4146294570612384,-0.4152872842850665,0.12525125975130869,-0.5375171293879968,0.20841023258511318,-0.45156337485382325,-0.19321828035008037,-0.0546552059509857,0.5653577054064356,0.9550903766831018,0.1339035720135795,-0.49849750677031424
132.nii.gz,-0.6510442362063149,1.1028338924757117,0.31595193543177896,0.1788232168010988,0.8114179321799883,-0.7063150272206641,1.6990352685653896,-1.0365097729391495,0.2790703493495128,0.8720243782910369,-0.43907348024560383,0.06348565746525389,-0.3525615330527345,-0.1732591334237484,-0.4120615858565634
133.nii.gz,-0.4832868105824901,0.43175240719671115,-1.464127084543672,-0.7768889299745084,1.1675753986580328,0.09358601710627636,0.7611991697796644,0.15025716627026978,-0.4749329565626451,-0.032072963534659826,-0.45274424952654213,-0.7507045841325162,-0.35560936965042084,4.65649941334197,-0.4497837205658681
134.nii.gz,-1.0788466520805233,0.6083560805138827,1.7411184189746,1.6887630760976031,0.7566400877121094,-0.7197511759217248,0.38080412755743204,-0.15902313747065783,-0.6902470711164456,0.1813585028939872,0.6552039664528512,1.8432623766552654,-0.35096460287540565,-0.9663734453654614,-0.9150660367705459
135.nii.gz,-0.43848932876248925,0.9077883712402102,0.8360049604696098,0.5150588856110145,0.4361119716857465,0.16920798633214262,-1.1499010584692109,0.5340190794409383,-0.7630223573987974,0.742277790828218,0.6419437280657327,-1.0302377792291106,-0.3635424608845205,0.8919417799809848,-0.5220065696472446
136.nii.gz,-1.0162307919788194,0.12128410731181409,0.7414645637376102,-0.5519369067973099,2.76536959209995,-0.5081750485561106,1.1282887566302964,-1.0079019466219263,-0.5694068926188854,0.7729850369947565,-0.381669736455825,1.6216983361030402,-0.22732349198209195,-0.3468282392635224,-0.845493452049025
137.nii.gz,-0.6203746040410099,-0.6233382458035558,0.8469694492765755,1.9503314605801951,-1.1056209190486557,0.8950411126472937,1.8477898919126212,1.157026847193494,1.0907894235740865,-1.792449554125668,2.8179425424936526,-0.5652208049031924,-0.35298146059033814,3.0303590115380143,-0.1529934071044826
138.nii.gz,0.22124953930817748,0.09552805727921042,0.7374525383480017,0.8935347408090277,-1.5803504537482271,-0.2860760857809417,-0.21167224962757514,1.5490175557670582,-0.3819884416283974,0.06348106786789307,1.1930955625018809,1.8715901991916237,-0.23696089204775345,-0.9075284505156964,0.13105993305177563
139.nii.gz,-0.3499632470807262,-1.2034452696565692,0.03871737398788583,0.07460061827493784,-1.0214054611269088,-0.5649938762222824,0.6709498328441326,1.6850749629147734,-0.21602376304895066,0.015345174187713473,0.06859675526137869,-0.23516578040317979,0.6545511662590354,1.48119736342837,0.2258011501446898
14.nii.gz,-0.17172132237081444,-0.5847915425750831,-0.595186415909379,-2.209138181637224,0.65128894533446,0.8063449190243941,0.3707316118906803,-1.0321017040810978,-0.47069201453718607,-2.0720086757427256,-0.3651448133046356,0.6103815821157687,-0.365225238822724,-1.2561122971040233,-0.20017613604806292
140.nii.gz,0.9313682191684325,1.128229484998565,0.38884154650474245,1.5287301384649723,0.01772660339719677,-0.5873121892006663,-0.778184216545284,1.2876880071977037,-0.24222177916331153,0.870095142501324,1.3929637952300755,-1.2050466091748964,-0.3459365801259483,0.5925952576040873,0.8355529400285614
141.nii.gz,-0.986172746148616,0.7573651471784736,1.3075370775902304,0.7025506928911847,0.23924272789090378,-0.7068174365579939,1.5727407849408717,0.030048938987280477,-0.2960649744673491,0.2032674288582974,0.6969113136014838,0.11295272662835787,-0.17498022526319676,-0.9228580047532401,-0.7828068345029148
142.nii.gz,-0.03384823495077537,0.5292761595050184,1.0692104645561256,1.2769303124738087,-0.24874837865030888,2.2139797353249633,-0.062411650084974936,0.9493168268802149,1.2482372686480396,0.15722883623509462,-1.152514788230222,0.5015690199778976,-0.02400781669020694,-0.4982989800493096,-0.16983679220661643
143.nii.gz,-0.514115222868121,0.5967057654205181,-0.12031627063518231,0.04971473116873831,-0.1487093983586209,-0.20476734992743834,0.672722399133125,-0.5485933703234434,-0.6031036686212008,0.28383818934414895,-0.11121721376382267,-0.4427460074114779,-0.225708977480299,-0.4185130212093387,-0.6177017974454633
144.nii.gz,-0.7331369191851979,0.5750754702500113,1.4344574994140578,1.0745267730607035,-2.6231560392200053,4.528657595804756,-0.06344317397149003,-0.004199323527918483,0.8983204862874717,0.2187567475145661,-0.9423480071916838,-1.0892028659477269,-0.3636448324575633,-0.6458239991248571,-0.6071554532223179
145.nii.gz,-0.8699374808457742,2.464230193000529,1.2624956537272447,0.8755702799018962,-5.3655597538582995,9.92986189293976,0.6340124352797508,1.1953365669839566,-0.08726715785070338,0.2131868598931705,-1.865049567027784,-2.266750575588529,-0.3666351433327424,0.11884450100892074,-0.5392408787854069
146.nii.gz,-0.7075854645158783,-0.016724430556857395,1.3566241553861174,0.7753091335937665,0.2285008119028436,0.15564606617219287,0.6549366979565127,0.45009501623845644,1.0491437186143762,0.02269922516878699,-1.160420886880896,1.0188380397167511,-0.11865465708473645,-0.5129401950461735,-0.7234466523553115
147.nii.gz,-1.0835349623285693,0.3910991064250224,1.7082026954424876,1.2569409710397197,2.5470667493495736,-0.4744498808347884,2.0383271626225534,0.8940219323570746,-0.0516202867370711,-0.7629696052185942,2.659417229380819,0.9016152043083053,-0.26755768832179605,-1.1074608780010518,-0.9123156735360178
148.nii.gz,-0.49117066576852025,1.0130624664034844,0.9699390709422857,0.35211377822814105,-0.4496283735438898,0.4175219541522602,-0.8363923979493227,-0.08570154145114818,-0.7531146355596969,1.3622969485246343,0.7884291621834009,1.700973543273102,-0.3620794284299859,-0.45012494870951564,-0.4421323738485924
149.nii.gz,-0.833886327810383,0.6934667657575074,0.5142673202814831,-0.4832902285810252,-2.5430140619345205,3.3842640905585353,-0.8713065819312114,-0.9328987217955905,1.3146286314626314,0.5866072391957567,-1.7639862636849672,-0.6825676856401117,-0.10240041011215516,-0.7314426673851006,-0.4180933742967188
15.nii.gz,0.38805417297772105,-0.07943963173610549,-1.9240590563499997,-2.3222494474897446,0.9513990312329496,-0.04870227791662186,-0.48396904835748955,-1.100123671685,-0.7262583107680812,-2.2758697431595514,0.2107295149683422,-0.19184436619481093,-0.3669377232641521,-0.8589343894741057,-0.05034078038032644
150.nii.gz,0.08107917078038311,-0.3858369167416391,0.009523738351958527,0.4858078576751178,-0.041041605713130126,-0.6657368483163566,0.261113195065903,0.41611883328199983,0.09678441153573981,-0.02209404569283454,0.5176723723208937,0.2420432600593463,-0.34179458874450486,-0.6573944954954789,0.19429687035741344
151.nii.gz,-0.2554131982220355,1.3086735670850944,0.8845540660013138,1.298366043494369,-0.5156029531910628,-0.4715637866305576,0.027426425593133043,0.11216225023435616,0.25872257795928794,0.42869675600156093,-0.9963300210000196,1.3727807102974525,0.10810544497901614,-0.2294532341418783,-0.27943578662740837
152.nii.gz,-0.7575627551303767,0.48795926567315834,1.3589977785666407,1.4707284333651347,1.323169214512472,-0.5907638713627987,-0.6494839707622122,1.8513383605708287,-0.1689829454669004,-0.11235864198750718,0.5848870593780034,1.861726046701285,-0.06528348674356632,-0.15771677758030495,-0.6528016341620396
153.nii.gz,0.7207225872084314,0.9469303245773563,0.1474719030886383,1.2180788256292896,-0.34291633435697183,-0.5733805100165694,-0.5722293913728448,1.5636495439894726,0.1232120133780863,0.2640244666918877,-0.012493554996829134,1.1155696172696805,0.24275776783741018,-0.4633364688698382,0.49551672549871767
154.nii.gz,-0.5515219582637897,-1.4651614128856263,0.713649190794301,-0.3190309047568196,0.365916033362827,0.05724424816951018,2.0723763803586004,-1.3461460478144143,-0.7968704698017938,0.48014429064267367,0.6717743007297377,-0.41373664977007624,-0.3645843842483759,-0.4598418404463605,-0.5507707591476169
155.nii.gz,-0.8421780443712777,1.2194616435559993,1.235002165089221,0.4703872304165159,1.78959267966484,-0.44452007270405147,0.4969984942295235,-0.01982269232821907,-0.5627827496988994,0.45076601445853726,0.29402463158203196,1.4393988090663992,-0.363827712493249,-0.5554962464008681,-0.7125174584216531
156.nii.gz,-0.573788204978875,0.7623702528179387,0.7127203107302705,0.5929342652804841,0.09281836168550407,-0.6768220758438128,-1.0278541450961765,-0.9974540471125168,-0.3118375475796082,0.3661887116923859,0.1469856755685214,0.9334772897859489,-0.36300998814418817,-0.031097237825171726,-0.4138310197670886
157.nii.gz,-0.14760004212637218,1.2153928025650673,1.2054537253875905,1.0506733488386626,1.466024288070921,-0.28246646347779175,-1.0949930462159185,1.416035884162663,-0.7409514507652429,1.0191694518444447,2.1524729827370566,-0.6846933923022357,0.7368742056771345,0.9123726653479819,0.160741377572526
158.nii.gz,-0.11182214264257592,0.7315249212121391,0.07441227345845443,0.90233332241623,0.7353701094578089,-0.5073601496686739,-0.22887227522787135,1.5251540108917117,-0.6232253649464482,0.08334316836588146,1.3383024696332249,1.4701018873041494,0.36538647954509784,-0.5288186611802265,-0.3321385834978268
159.nii.gz,0.8276051076033489,1.1856882274827014,0.5142013881579718,1.2935918393713244,-0.1326021718044836,-0.6898006954954573,-0.5210878495641701,0.3605526405471573,-0.12260614864099738,0.6857597179939569,-0.236036666486242,1.7743661378969762,0.9708898867081484,1.950329684572499,0.9214954458411097
16.nii.gz,-0.3449723827199616,-0.7077741760174996,0.5644218452100066,0.3140523491504256,0.7846560522493377,-0.0831765138452198,-0.9526631457415942,-1.4498745694341533,-0.6826973295066924,0.14201054849176029,1.1531865583177372,-0.5091052806575873,-0.36432881714622983,-0.477067351786738,-0.4971612875585305
160.nii.gz,0.029020798049617092,1.3713842540001064,0.7377152858982314,1.6352352676576742,-0.2316891268999619,-0.5567700592685516,0.5584492257841913,0.5389796229897358,-0.5266867043269626,0.8313239801141512,0.7785298000780707,1.7681559222307832,0.1926620308436891,-0.012404952792014036,-0.39937147153668884
161.nii.gz,-0.8967306890981119,-0.2071778332439167,1.223112756439966,0.4012762706675482,-0.5336576228605411,1.1119574040032076,0.9480473199916873,1.1797705684170425,1.3301481642024102,0.06334263962719519,2.1681374017968658,-2.3754978240636513,1.7210173944969576,2.491178379674743,-0.6960228083340712
162.nii.gz,-0.40069996326764545,1.4451290384656414,0.56730830047371,1.3143531370656314,0.24882196078695926,-0.6719099527317391,0.354256106194287,1.8574379920534365,-0.22598249228817835,0.8610380865352173,2.8241073297493093,-0.27011770245827554,-0.36557575925354496,-1.0773108375295584,-0.052173198040724414
163.nii.gz,-0.8006644905408086,1.2239926152377452,1.6232818202846468,1.3681656175424277,-1.0972699880600267,0.3936369709804778,0.9038116033648066,-0.03447194013052635,1.0474999568520211,0.21322632253464768,-1.4479550086519912,1.6216983361030402,0.015480241546905884,0.32205862717348965,-0.7537927302146105
164.nii.gz,1.4761917673308964,0.8475599747970303,-1.0962885519134737,0.40742469157453215,-0.1594960090064442,-0.6343549546780108,-0.9733495053664633,0.1573410044569431,-0.37225497523634254,0.13017028039660633,-0.6731870358217518,0.45572269201396853,0.3699681692299209,-0.35814770130485707,0.6123829499477829
165.nii.gz,0.42100364470236357,0.11670430008048584,-0.44943639593516865,-0.14701961803181304,-0.637131861373979,-0.03998075480131035,0.6594241647750039,-0.4277502705347144,-0.537771317908406,0.4798146288463828,-0.5583459048685379,-0.05712405116697074,-0.36047332113801883,1.7753450191537186,0.8225416526374931
166.nii.gz,-0.3812891722642156,1.4673242570067029,0.5582301785611301,0.9336456283644551,0.8954400210567021,-0.6682751526596838,-0.9361446924160272,0.19379006455317452,-0.4918512941910019,0.5663678604050898,0.07492665817088566,1.1032384812108318,-0.360976117038585,-0.5286612213782901,-0.4792484258084433
167.nii.gz,1.025082942425056,-0.12123550640061426,-1.395995853852321,0.5591472728455374,0.6505973632880503,-0.3691291884062976,-0.24586144868390403,2.15670142607906,-0.5698357373195527,-0.4095272850216379,1.725307417422475,1.150982514540723,-0.36089620514293014,-0.1974877334367603,-0.21816376443808314
168.nii.gz,-1.006508070839798,-1.2069828876031743,1.0299778486396889,0.08019767560400581,0.1419181308768332,-0.3428218761106223,0.680819819067224,1.3236960863841556,-0.41383814248767337,-0.6799825439451429,0.3676087859641936,2.197764841538828,0.06342886128259922,-0.9171551506096289,-0.8927739268063449
169.nii.gz,-0.2039922983321138,0.0362298223394189,0.811599493877645,0.9256432555700514,0.3674822270056969,-0.14826133402726244,-0.30638656755628846,2.529530066597691,-0.5503337365101139,-0.3684409501023728,2.3180267387404028,1.9561189665994712,0.7905347027604466,-0.5457609981560698,-0.41685002419060907
17.nii.gz,-0.39693777611613024,-0.5722601219417919,-1.1837292769683767,-0.7769408801115946,0.29726040591011926,0.18386169464095609,-1.4345044372490325,-0.7394593079025896,-0.700667754989008,0.6845955467741174,0.5101170577492256,-0.8541322865326095,-0.36541841827905863,-0.354131527996167,-0.38174175647076425
170.nii.gz,0.1984630094175888,1.2695052511654976,0.3099269853582194,1.103556153430534,0.034529085200524966,-0.6375563113192204,-0.6286989575562569,0.43797593311952665,-0.09937022507374026,0.647318394337269,-0.21917852538321242,0.8340155633643102,-0.36035667523510523,-0.35886574605528837,0.042177018809845895
171.nii.gz,0.940925399910107,0.9150373045673345,-0.22786813432468878,0.8598421454323214,0.20942432903603297,-0.4578679972725276,-0.8244631201554938,0.13404060807844034,-0.5058967017829638,0.6514624799587155,0.025788337555970004,1.9837073422512135,-0.014021388560773585,-0.7095220672428396,-0.03732473986269185
172.nii.gz,-0.3155179625594896,1.6648207497799985,0.5710250537240722,1.3525083708991608,0.6173597835097454,-0.463303555279416,2.228082409480741,0.2450221481333792,-0.5859545871313194,0.8467865410969766,1.1064491990860177,1.959958027906973,-0.3586293703346032,-0.017415214149382678,-0.3820856826622656
173.nii.gz,-0.8704129955013826,0.3636704150537284,-0.263938902797856,0.1537578726009868,0.3842053902787117,0.42991364576713426,1.7262407079848603,0.6083495809339994,0.86363060814197,-0.6536804908915911,-0.360368464092974,2.147672101935717,0.5105843645124475,-0.6875646548428822,-0.7322957079054526
174.nii.gz,-0.2827677204394275,0.16804507496209892,0.8671161741235165,-0.07641782219521996,0.5587110003599964,-0.13009085947368265,0.6532606991398113,0.6284047996948513,-0.6222734615762395,0.9730953133926284,1.1399027298930948,-0.6591079636992878,0.33760409426195803,0.04185786249602473,-0.053695046625623806
175.nii.gz,-0.4646871597537022,-0.1203764913862792,0.41888993116026874,0.016392635109550906,-1.2899301642022505,0.22516585459104038,-0.6149874886645461,-0.42440406385445195,-0.6273456403919274,0.6595218185387267,0.2432592645630335,0.11373537251577726,1.3937312612726573,2.61047938099403,-0.47462525679383694
176.nii.gz,-0.5979718201245636,-0.7914510307244268,-0.37573531427511275,0.1738925154746604,0.699410977404658,-0.6599673085740905,0.19783591582942434,1.2440414200903844,-0.5333799648330722,-0.7352816149297977,-0.2335379241961451,0.8391802506844843,0.39275710799631164,-0.7352746990371054,-0.6447387630862126
177.nii.gz,0.10235786553438986,-0.7816727249253279,-1.3596363333689125,0.49560376671339446,0.3654714199516519,-0.27783498267009443,-0.8230312465365474,2.1419239301655417,-0.5124364353864806,-0.7601422675277417,1.1848724161834872,1.3002607893062663,0.7620563165201968,-0.6151237054110933,-0.42356432060247595
178.nii.gz,-0.5073427852510787,0.23741326293592144,0.7119151078069963,1.2156116775044699,0.045295187358437954,-0.2572290291453559,-0.9014532901106665,1.998450925610931,-0.4040979202181951,-0.3858505967716674,1.7623159354590696,1.7283773185911486,0.44697025083191566,-0.2826531604797866,-0.6879982059114762
179.nii.gz,-0.8435433356956561,0.7967522926957534,0.9386728940309833,0.4601669305084487,1.220899200665835,-0.711721726979067,-0.3157262847315415,-0.09100250108663474,-0.08735672877421564,0.15831022963816022,-0.0009695084558440492,1.057509490573145,-0.3656592153445357,-0.509530722761771,-0.6503232261826566
18.nii.gz,-0.8969076744942293,-1.0113415521684852,-1.6527580722040174,-2.9071216253857703,-0.09467444151152624,0.6335245676416855,0.7535169823261099,-1.2437773806562797,3.954685950394036,-3.5531976615494476,-0.7136779775873796,-2.5109526811536993,-0.3539669528850665,-1.4030749480543097,-0.786099909131824
180.nii.gz,-0.8708848157182155,0.3421251836487577,1.141476272147233,0.7697889665595374,-0.21781136484546826,-0.3237751148184692,1.5487412039613244,-0.5668243111956093,-0.5919024204071444,-0.1366390345234238,0.7437327927564535,2.415490764853142,-0.35836972331696965,-0.3003419996505988,-0.8361561644012026
181.nii.gz,-0.38468132756363044,0.32059978087116103,1.2397451243595017,1.36735026982492,-0.8001477700587798,-0.39575697219225514,-0.564623662261385,0.8400643050188645,0.8614593517251451,0.09492539546320887,0.028889129786951424,0.6925588112066089,-0.3579277514674811,0.6645057235204779,-0.360125303642726
182.nii.gz,0.17803946029783124,1.866039389568411,0.2803223246104119,1.310942858502971,0.14847121706383953,-0.6045628301413171,-0.268841025288122,0.7075723354168482,0.04796287123033327,0.78607223928096,-0.3098851864500731,0.9280672377211729,0.10208545064167532,-0.27574580780486374,0.2730891845610274
183.nii.gz,-0.681609929476771,-0.4322064748029061,0.5212290411192407,-0.06782709702509361,0.2327186433856609,-0.47588908107360883,-0.24650845157785883,0.6106988914824971,0.4159018490590972,-0.3615934388552615,-1.1482489878332163,1.6216983361030402,0.0473520676366057,-1.0375592930227484,-0.6609126682928677
184.nii.gz,1.5816634066200475,1.64844645235162,-0.19292404693426826,1.6266497628735275,-0.22878484397728108,-0.6522629558527769,-0.9764583817575682,0.9480186805803802,-0.01729862830058917,0.8618757661005138,0.3500457985782996,0.9778593006159837,0.11204488732796843,-0.2725638097486548,1.3801806275355453
185.nii.gz,-0.5202527617467805,1.2280931010604943,0.11133956743492486,0.31343568960379775,1.1979547079698938,-0.5821486566542378,1.13157782918482,-0.7330694478616233,-0.6527634677648331,0.3038261821944836,-0.540298678547025,1.410942297528972,-0.3614004042587838,-0.7878408277865245,-0.6556007023531016
186.nii.gz,-0.29983426861605184,0.6418409886172639,0.7323777147847312,0.7803173378748673,0.6077654224664566,-0.45740066467006213,-0.9766342760939392,-0.9165255049566704,0.11219561520983644,-0.04534789443998581,-0.9409861756785577,2.5188510904702515,-0.36248472137018073,-0.47937710694284186,-0.5169721836016872
187.nii.gz,-0.9255791670734329,-1.3109594817480865,1.5077768467600738,1.1465991369234432,-0.2825950096158584,-0.41170139885587603,0.40604770303217125,-0.136350960831845,-0.4209597762846863,-0.8196193411942849,1.7187903653648116,0.32554869887251775,0.4022139067933663,-0.4197378875177461,-0.846876446737673
188.nii.gz,-0.6749461332723938,0.9187869275066257,0.7237746491195292,0.6266297095353501,-1.0352201425054994,-0.274197159124598,-0.8387418164556567,-0.13566041276843638,-0.5025393252919887,0.6682346255434725,-0.1944709103738948,-0.032680300789211816,-0.36481104918040486,4.320545910544768,-0.46471213802314104
189.nii.gz,-0.5988174279908697,-0.3391099257314887,0.31794805647533003,0.16809733910270946,-0.21106260688022477,0.19071614537447096,-1.082078702216233,-1.0652189734225115,-0.329475611961629,-0.048679637247953815,-0.2315931252188023,1.836191183871685,0.1793779100654903,1.228676851916713,-0.7050988004609781
19.nii.gz,1.5413674581202748,0.08463055059135857,-1.895883201385931,-2.126751993171791,1.1033721436854684,-0.6062016902400008,-1.6720115030780556,0.6132830037787965,0.6354114199680734,-2.3275273024758927,-0.7081872622936569,-1.3124721822381222,-0.3651635469145329,-1.097612491503334,-0.02658979591421453
190.nii.gz,-0.2528713325997067,-0.47339887315678814,0.1306154416054625,0.14278922890332124,-1.6234894472333616,-0.3797646672430118,0.331542784190049,-1.0456598374652522,-0.5079720539786062,0.866831478595392,0.17793099504250348,-0.40066280000132176,-0.36282127931098407,1.9510611208854378,-0.5111585202652311
191.nii.gz,0.35840405466861536,0.9930852924400813,-0.516753587755386,-0.023358495671228004,-0.4269300892632534,-0.5999170376649232,-1.2732355016191215,-0.48088376776200414,-0.20535210139722976,0.8454464241209778,-0.8573120344759703,-0.5031371347666683,-0.3636410911056059,1.7502261574141047,1.5199642391419035
192.nii.gz,3.1675889994159387,0.683568767667325,-0.22318134146032595,1.2735009708962326,0.07988825546026285,-0.46132666204776274,-0.746695787150865,1.0392327955856262,-0.5752990846135735,0.480925656270601,1.15009604138566,1.4960542011726015,0.7815194515896329,1.1203996798003648,1.7125063007346315
193.nii.gz,1.2823425726226236,0.8853781182254115,-0.4558845355187838,0.04402065294438829,0.4000324950286675,1.4088251923841397,-1.1255213406927798,-0.742016658742138,1.1507307897945265,0.08643856680445343,-1.787039682501268,1.1134043607185216,-0.36528959442285547,-0.34788742687066926,1.6796619126844083
194.nii.gz,-0.25587273917342535,0.46019185574846155,0.7663639725658314,-0.12414417685663097,-0.0775804014845467,0.1401220506856015,0.0034122804700717985,0.912996903026771,-0.7733639248556723,0.9515591115920116,1.0533682155331312,-0.2985233486829194,0.1827950421854013,-1.036484074406826,-0.32440920320454436
195.nii.gz,2.0377040403472275,-0.3422761311292579,-0.0643356742116823,0.5039804761030209,-0.8506680337611778,-0.07236136762382284,0.2461698213199321,0.6305366870242087,-0.69699424066656,0.7448951653717937,0.6352113914194486,-0.49695447272049215,2.652107462088268,1.4973747599333322,0.6707688736899639
196.nii.gz,-0.7798528221130787,1.4370809862755376,0.22293750643890142,-0.007571748076374424,-1.3643463105973757,-0.3241589532536727,0.030772701223555434,-0.9157709880579168,-0.616989540542139,1.2286166400664442,0.5563910390657666,-0.236580713689824,-0.36538260382961807,1.3277748449159383,-0.6403615718040787
197.nii.gz,0.07816608657963893,0.5255839332996337,1.378387188316581,0.7655097261329322,-1.4962543987927777,0.43297585102741143,1.1764628526055871,1.0517623909711618,-0.822728515784537,1.182171621028989,0.9293626853372648,-2.207709276659765,-0.35974252259410466,4.106897897455317,0.2803018678459156
198.nii.gz,-0.7042919211590617,0.9382557265726987,1.0721494599566275,0.09038350822074798,0.509050948127822,0.8454044247136955,0.6272465196699462,-0.5193100614997617,-0.16457592454867728,0.498911438260129,1.2813930498471828,-0.25967493309476447,-0.36203244031298404,-0.7835411271516448,-0.5427594255810787
2.nii.gz,1.512958401528423,0.30377800775636765,-2.0837243844431885,-2.2185572485068765,-0.0660155661451433,-0.5436898415898044,-0.6749299915060749,0.8264765390830333,0.23945308005872368,-2.5603451321499273,0.34221091039269497,-1.8439424051550417,-0.36591282457481134,-1.093082229231448,0.9337921957809847
20.nii.gz,-0.6601164734468332,-0.1529604339331036,-2.1289540144141417,-2.415239359387944,0.7709355850373658,0.13486660363549172,-0.15718563252371937,-0.6629292980198551,-0.5346842295168825,-2.3072012331585037,-0.4209441434717757,-0.3044135992497471,-0.3671531461204506,-0.9631215446832937,-0.6377485783030884
200.nii.gz,-0.9501032415011623,-1.5256032608263421,0.05001638789592746,-0.2900762445961359,-1.4518108395014881,1.3155555153799352,1.8368750232882955,-1.1843342692406884,4.954620443382064,-0.8918772603303294,-1.7814433685081144,0.4201881961941117,-0.3637466247370195,0.6977309103203528,-0.7278479433880428
201.nii.gz,-0.4655129436667519,-0.4712449704567814,1.180219017874119,0.19696287320964326,0.09503764272993842,0.2719841631269371,1.423411107495811,-1.8336692550888751,-0.7612217460934654,0.49198016560233454,0.9376220334301342,-0.06434997248950952,-0.3619947856211298,-0.7971796551196855,-0.5470291598141971
202.nii.gz,-1.0212811714827865,0.22955825160951665,1.1416154316061256,0.272417956886744,1.2314692333196566,0.07291675714008115,1.5661068057555363,-0.20613794069724212,-0.35524436645446267,-0.035397460628112026,0.5449933726644168,0.765383260455248,0.05470629560274289,-1.0932228950496652,-0.8596362345653175
203.nii.gz,0.7496202641739327,-1.157699428941882,0.8105825111794889,-0.5564965406284801,-0.6192394560272926,0.8340640559672334,0.9655148624166088,0.38671703492565934,-0.6378063573282885,0.9167888055112356,0.6828391273984681,-0.8523666736799553,2.5115944387432947,1.5996990250026806,0.39464041703184444
204.nii.gz,-0.7416260046417906,-0.27343123778693523,0.5661462071721871,0.0661852715538285,-0.5280160309665002,0.6765172024301885,0.692551810263497,-0.7307218432700399,-0.015213017075541407,0.5492401007922718,-0.09613489536849873,-0.2892915136599096,-0.36402985253120335,1.2324028433810303,-0.5082353528258675
205.nii.gz,-0.4585082545844073,0.02825238038787284,-1.1387516849701287,-0.5014201553261523,0.5990905813706733,0.20985908552135865,2.018685029576317,-0.64649434362866,-0.6183072072530048,0.23313796067084622,-0.04700284119328861,-1.7386896122723892,-0.3632914972456549,-0.8675116981525925,-0.6035603859076423
206.nii.gz,2.1270939871049643,-0.4300349853368841,-0.32945354807397076,-0.6828763956695487,-0.14334127187821166,0.24276978504459337,2.0580724694299524,-0.8585543079732363,-0.6141643387278888,0.5367135347816658,-1.0293299016986182,-0.5487505370686258,-0.35779515079744806,0.5084350320315509,0.8144331919787287
207.nii.gz,1.1353213277224354,0.28470636104591096,-2.0103403446743777,-0.8339811621415261,-0.4062849237996472,0.5928515035019185,1.749720650664492,-1.003194505283315,-0.6549495630877503,0.8885788899726915,0.21890070908732912,-0.7324415927826863,-0.3638629514509203,0.3819102948828967,1.4933393358281397
208.nii.gz,0.07226219747736888,-1.7257840051370654,0.5566905014419404,-0.6854953794069326,-0.8995248297852455,1.063878598920129,0.9557188998492034,-1.0720523953140901,-0.2852452752557911,0.5055360760023464,0.7382111261389382,-0.6421792590597418,-0.36275013234082876,1.3268472351424208,-0.053631420624598546
209.nii.gz,-0.3337831315701511,-0.23104168002530953,0.3783758758495425,-0.33169994205199693,-0.19659834125980752,0.38745142501905977,-0.06034489346634716,-0.9683734866563574,-0.5183705783644016,0.5824167427903728,-0.2523985815503503,-0.32284806451105735,-0.10893034152511546,0.7454814666093631,-0.06179825950333212
21.nii.gz,-0.966412070977615,0.1182032565288112,0.03169603916126013,-1.8039231291014957,0.3170548902285795,0.0744388039534864,-1.7830280946201285,-1.0172325798197577,-0.2976631624497948,-2.5708918706270985,1.4592618050468855,0.3124562782944317,-0.36696742338894345,-1.0952475561451387,-0.8797485871762273
210.nii.gz,0.2690426230856042,-0.366771272281776,-1.0579260539218736,-0.5564810341969694,-0.42621247462509676,0.4938996574778135,-0.3709552807573544,-1.2244103099786503,-0.39608445431497064,0.6738468369910665,-0.32332364478271264,-0.3339138791397355,-0.3646123955763177,0.6105117026166307,-0.09149197801526929
211.nii.gz,-0.919801271231158,0.6164334859961417,0.962880996269566,-0.005884886854799528,0.5861274467182838,-0.7148379479100664,0.9485095358292319,-0.2917305700524235,-0.33457900458497614,0.6989804224010038,-0.42526375537120265,-0.329494666179468,-0.36039928639986146,-0.717333970395669,-0.7417879416460913
212.nii.gz,-0.8936617194562074,-2.3157409033249605,-0.9483053378824542,-0.8543170545242286,-0.9595675341144767,0.7703298706995119,-0.1104664825246852,-1.5298123046178704,0.6996863798589078,-0.020329669836666633,-1.4861501207652257,-0.12272840570955675,-0.36564708807429375,0.5825615163082843,-0.7635381415314991
213.nii.gz,-0.8330611364296159,-3.3400761076042844,0.5282222632630639,-0.15833185158009153,0.6587746052299116,1.0500837102567688,1.7104115116467984,2.2741471715176034,1.9465183820028784,-1.1733298779380952,0.0827895614129117,0.6110553441104302,4.525286518215682,-0.4601616898343836,-0.626293954503039
214.nii.gz,-0.21972503675057475,0.4910546457557102,-1.0721969118214931,-0.6978640313748881,-0.5190248896890682,0.45481190112583814,-0.18848602188654107,-0.9339038329878949,-0.5944063935953036,1.079142106822323,-0.23011948480208416,-0.32395674848140826,11.286920231981664,1.0506925479687823,-0.37544051650080923
215.nii.gz,-0.6495809809803167,0.4097467283290263,-0.36824865087413977,-0.2937923027568701,-0.8670609327949571,0.47102350489150197,1.4159870084415276,-0.11348190117895125,-0.44993414062236214,0.9815713169484233,0.020961307760635723,0.06007226715060249,4.510342483776265,0.4875750429448046,-0.5890670763616288
216.nii.gz,-0.07720830072013787,-0.09012966030548275,-1.5999945658963368,-0.18392705736353585,0.22036831629344936,0.100875047277374,1.722578682613257,1.946302093400448,-0.44113766871548116,-0.1598109423173077,1.4316769496911992,-0.960463122009756,1.4572995024582915,-0.4622918336828172,-0.026318255007645362
217.nii.gz,-0.963597428373322,-2.86567319740696,0.3390341814824472,-0.1643162836934531,0.4101874347957776,0.06418872399101191,1.3747612096604789,2.2687220157460457,-0.10050318767594961,-0.7566630219431704,0.8290191787939992,0.43567906020583064,0.1977997395119423,-0.86150671547617,-0.8726881519149535
218.nii.gz,-0.09210691077317258,-0.42611755777983,-0.6067658574810507,-0.25475651556397966,-0.3380174168937896,-0.6106502958359217,2.3687607813876213,0.1722848992441748,-0.28385469159219595,0.11048403068714817,-0.9672641054997136,-1.5057914376325081,3.9265044923159724,1.055593786252402,0.22409617542017923
219.nii.gz,-0.7850849834517616,0.22631708339185383,-0.4661056882000652,-0.5794299186998744,-0.7337621872620449,0.5668192695634144,2.2896180233921237,-1.2334232147111408,-0.37863122045147896,1.0669795093515482,-0.5032501091157956,-0.7915532407225582,-0.36472591701661483,0.6996272719845723,-0.6413919101513608
22.nii.gz,0.13766883925481324,-0.22454041652462675,-0.7232627028425093,-2.1685294212170705,0.4366587986438647,0.3445602024932676,0.3883803558045178,1.3674508091777153,-0.5483387760734828,-2.316130093833595,2.480750917198106,-0.041592278183390397,-0.3623565491519414,-1.2590090779368845,-0.14059682618090083
220.nii.gz,-0.8074377517014633,0.25682270573852656,-0.4864065789589051,-0.9096430446458459,-1.1150862201618863,0.6197785289151246,1.026251338851692,-1.0277918227520213,-0.34965146973048133,0.030601559053602317,-0.9410157398732312,-0.7503402156913807,-0.36515090405177614,0.10748837417572428,-0.7266627113461122
221.nii.gz,-0.579214293733228,-1.1903871104340291,-1.5778686704964024,-0.35521584726866984,0.895871262649772,-0.2224175254371401,2.351246714168753,1.2751918446025434,-0.6013090522902304,-0.48222329209755943,0.029621025850978224,-1.4870306029226878,0.5999376213610281,-0.8294628995143358,-0.4874114683703314
222.nii.gz,0.20788968099442381,1.0212054391032002,-0.20902708272243647,0.1848917319688028,-0.348646372631349,0.20510907427558803,0.3085628768720318,0.0017826538326030713,-0.6745191276850918,1.3336267153327346,0.3425759901381491,0.17661682929312905,-0.36207239514325584,1.0432296690850278,0.11676513138081278
223.nii.gz,1.979070581211589,-1.5904127593341908,-1.9289431981892304,-0.7166696477207767,-0.6772558996955345,-0.5123793288368989,1.0449286505146083,-0.528720378893659,-0.1276212565954676,-0.06869372115545025,-1.1641153856256856,-0.7781076654425139,-0.3651850779394196,0.9130594968657675,3.147336882723925
224.nii.gz,2.1051421189785273,-0.6821734827784756,-1.0688093006538375,-0.8672987717253018,-0.41025543459800107,0.5323395658668522,0.28312566862816335,-0.35736829147568344,-0.6419217945564724,0.7807439247829078,-0.287085198956722,-0.7295599904189571,-0.36330337080202935,0.511697078913395,0.7461345610004854
225.nii.gz,-0.9437032341243105,-1.479970501678508,0.4825206778978468,-0.40187059612456416,-1.0194503594073014,0.03978578201335857,0.6063618456109131,-0.24664499706754617,-0.5825299961824033,0.46264598818948555,-0.720892157082001,-0.016137806802630553,0.3373716790381712,0.5276741308026732,-0.8528299839993377
226.nii.gz,-0.6416252371920301,-1.1026477942635975,0.4596946963367146,-0.5616619569308098,-0.7601715857446706,0.6917189406847708,0.7493995561124454,-1.9360063467138247,-0.3172551497067651,0.6575311915871347,-0.3759358909954951,0.011844808827802427,-0.36382284388653574,0.6554167796211151,-0.4967499934940078
227.nii.gz,-0.5159465495200479,-0.39905130422174967,-0.10104905149152618,-0.18530808787235056,-0.4786392379807176,-0.5997396339577649,0.3952055520687934,-0.5000818461936803,-0.3305709420484181,-0.0033203979190567,0.3556553008402581,-0.5268233209783191,-0.3646968611030456,0.16462940589236894,-0.043090986999500196
228.nii.gz,-0.367589650524087,0.263697421634761,-0.1293937711207338,0.04370684789052916,0.07293488381254917,-0.16709051816686915,0.4864234995338024,0.08892676121131196,-0.5930625396299773,1.1908743369089845,0.8445847192663092,-0.5200873892351447,-0.3641563173820351,0.615810969752754,-0.5731896765950134
229.nii.gz,-0.12793667602826753,-0.2254090346363761,-1.5193346514929351,-0.9680714917277488,-0.5349050120769203,-0.3472599862245468,0.9448165207065871,-1.590745084995834,-0.5678049887933575,0.2710819564377344,-1.2135460832082419,-0.5157747071806004,-0.3638984525648451,0.7859418766725205,-0.3647291613095521
23.nii.gz,-0.7869859153046452,0.06423345208375557,-1.6319528343957852,-2.409905980035392,0.8524963196867423,0.31079920567712294,-1.152725827104056,-1.2839553090353293,-0.05942104317558471,-2.731813180970405,0.6848944154564829,-1.3812015326579816,-0.36352918327815,-1.0100085378541217,-0.709649709628721
230.nii.gz,-0.9564390721896074,-1.2905522152338387,0.6725034106423187,0.02422953749750489,1.4640135448370637,-0.3599355809511458,-0.8948575190253474,1.0976237616177822,-0.46779968613188483,-0.49099402061688463,0.02464500628758067,0.8810414005427407,0.08978510428338235,-0.96789845048989,-0.870498209978885
231.nii.gz,-0.06519504946236358,-0.6716439634991507,-2.019388206966985,-0.9911687878623563,-0.4168540615255798,0.13769512322108132,-0.8994839213144674,-1.0814351515761522,-0.33627960192281114,-0.15300064320070053,-1.2405945253704174,-0.8686662910808074,-0.3649739020160944,0.7972718116615237,0.019907958049940513
232.nii.gz,1.331935275055546,0.3216321908143576,-0.8293183644436789,-0.4660517306995393,-0.8577628599591899,-0.4219805939486288,-0.8425888232671067,-0.7717384596639988,-0.425854013749888,0.5001940198682172,-1.3633569778146704,-0.4544804398330486,-0.36470540261003553,1.0915327403763775,1.192423987712953
233.nii.gz,1.7406770266546285,0.071264973409567,-1.484007839442994,-0.673732571263613,-0.8124978656317308,0.2896580051314635,-0.0005703266525112846,0.0051759745465631245,-0.5867171597700638,0.5736405158072698,-0.4217958562547969,-0.8395098615766797,-0.36386708524324585,1.2879974931837714,1.4177893826012529
234.nii.gz,-1.0006621834223213,-0.36135597687760573,0.914116536315199,0.2185050385119133,-0.9039866657624294,0.9260522323748577,0.6360578495404521,0.9416888342876245,1.4917072250524617,-0.3999248440525199,0.21675439204705596,0.055201698514493996,0.6631549678891043,0.4647122672577996,-0.8041701619692729
235.nii.gz,2.3233590291553976,-0.013036965688330288,-0.7759785046034579,-0.705978012202618,-0.36022382102179934,-0.7077364691925598,1.156019776077219,-1.3260582540594434,0.2636529181054245,-0.0971376162791799,-1.7918111637733438,-1.0299499450616922,-0.3639663767679796,1.1726484159139503,4.632079608479146
236.nii.gz,-0.9175833857564255,-2.1706472395541576,-0.33007603610880204,-0.37894043206302397,-0.7669106481706522,0.8174594798158813,0.70684739790777,-0.023271360780991467,0.6343963371164071,0.07020625373923581,-1.1692212976597804,-0.6888980867987466,1.018588285085611,0.7307779658823896,-0.7477823951957137
237.nii.gz,0.17325276375498733,-0.018069671296592715,-0.997126551227743,-0.8055779170213044,-0.24554354372398313,-0.4980455728133301,-0.1591195489556965,-0.8431904405502173,1.1710544922074018,-0.388419300407996,-1.9456046819934307,-0.08801776291761414,0.08657663716520268,0.46274564504243293,1.3566522440612059
238.nii.gz,0.7321411179542622,-0.43832932499843946,-1.4092031807624892,-0.5545072770825041,-0.19371983013057303,-0.04544709458910586,0.16158259747647347,-1.3212327316424033,-0.656652951540656,0.4973293381972045,-0.23313084618870863,-1.0367949156906884,-0.36466895482268846,0.7494976561158029,0.0635257756026083
24.nii.gz,-0.2107495238276357,-0.08786468687624806,-2.0840799664991287,-2.461497711573507,0.47225995109541086,-0.5942575096148779,0.013092646722529504,0.5157583512911789,1.2487300842783524,-2.1399078325022196,-0.8238746988682932,-0.5031371347666683,-0.3624347132468465,-1.044474903886633,-0.17695659275147607
25.nii.gz,-0.08273933775426048,1.445024005766618,-0.1962020129770455,-0.322580660042688,0.5860530001690207,-0.4733009719938514,0.45138372034675295,0.056221672661061865,0.4901513055583373,1.6757038484698474,-0.8434132747996242,-1.0121886272531029,-0.36447185766487006,0.1424544135005388,0.9799650736075205
26.nii.gz,-0.8107123679175989,-1.804862455216532,1.265292941116273,0.61989265831225,0.06645854180807775,-0.7016639323376489,-0.06369835903688106,-2.043939609502921,0.0032452568199908957,-0.5033795929185654,-0.26597173949753483,0.07075005223745781,-0.36431790027274125,-0.17285260996796561,-0.7254215387528634
27.nii.gz,1.9976080564986618,0.8828268078392381,0.1052956576199397,0.7062011060383055,1.2037349538909272,-0.48299544347981815,-0.6961786502394007,-0.0841575055042403,0.4441710254914479,0.8793997838547529,-0.26495445781592236,-0.2038645332357248,-0.3607378130414812,0.3195548671246392,1.5024594497328652
28.nii.gz,0.08125182055358718,0.830130514870972,-0.0855528636053797,0.08778772127301855,1.3190282522698389,-0.3453688657975705,-1.6461329396364814,0.03818657399002328,1.4173330021554695,1.042494762678021,-1.1188571739315707,-0.044223720157210884,-0.365528328116688,0.21207332087899858,0.7687164609378059
29.nii.gz,-0.6838614479862635,1.2586445463877622,0.7483805702554226,0.24012770353866011,0.570102777617631,0.2918428999023913,-1.5035073184727676,0.23186784659844664,-0.6828898831077479,1.4593473896371727,0.521645738207269,0.0926329204401456,-0.3404371139729001,0.3874884992568039,-0.6488881207255404
3.nii.gz,-0.2848626639081769,-0.20901006035898842,-2.194806630056977,-2.3975658636822317,0.5603607599284678,-0.5568720663022074,-0.8985669189994433,-0.4134738819941617,-0.32767832934279595,-2.7103760523911737,-0.9352696320975072,-0.36940401489985103,-0.36091836980920466,-1.0265754234626683,-0.3706683886403879
30.nii.gz,-0.2643763157603453,0.06563516988735098,0.33369911080958076,0.1515863386246198,0.7553619823972918,-0.33781765850997314,0.6341026556981189,-0.7321558859810017,1.356835858271534,0.47582143638045976,-1.2111181003820228,-0.592434831048117,-0.2536803627365925,0.38944111471925735,-0.2897779022045894
31.nii.gz,0.2675643896482834,0.6950778821062855,-0.3485456938842117,-0.03375981499668781,1.623269495659555,-0.6468096008693368,-0.4161132526655866,0.49469880037027375,0.05386987540524543,0.9087212046739975,-0.5812639061050118,-0.8500763858022915,-0.3656639990941884,-0.24036521690035845,0.7280038723622662
32.nii.gz,-0.062309438713336295,-0.8237049318985755,0.84851308331649,1.1872390428946966,0.649773305788629,-0.05651636408068647,-1.8634624415641945,-1.0474742817399623,-0.7567410362965646,-0.10366980929696774,1.7039206591723415,-0.2624289561117547,-0.36146235305835844,0.42591769409918645,-0.6533272098218257
33.nii.gz,-0.8820552874597107,-0.2150416942444733,1.28290944307545,0.21380302875443266,0.12505841310590887,-0.6956326620340886,-0.06781783832237172,-0.09570810454458416,-0.04912021744380199,0.4708035556497524,-0.5296905184779086,1.0456318306672525,-0.1336421517632564,-0.1728689900251814,-0.8117984949109659
34.nii.gz,0.5725700151475988,-1.1520810187350106,-0.5292208756431048,-0.1826083981130581,-1.1381327118060718,-0.6426132545710851,0.589077064833415,1.1610393359761635,0.15688759105049163,-0.8607881651410996,-0.7262311372796932,0.45945889531153766,-0.10632440174839226,-0.6360379824984509,1.7386030080933155
35.nii.gz,-0.2248217442216063,-1.461645998879713,0.5735490023873473,0.2669050949694012,0.5777700644171181,0.3434256699299186,0.5793468597819675,-1.82980937464062,-0.6919430193473554,-0.2590370664723193,0.18682540577862236,-0.5182352342462034,-0.36157808403997255,0.4456869841248241,-0.6751108065212258
36.nii.gz,-0.517786148051154,0.7488673703967911,0.2993992628729391,0.1011145882913714,0.6938949636451004,0.2034350027977625,-0.4798760048090688,-0.1898152492336673,-0.732062155980782,0.7224822854207194,0.6816144135598847,-0.6429905974804001,-0.364379920028402,0.14577401367393072,-0.5152388604473113
37.nii.gz,0.5333802035843898,-0.048313527028284814,0.6441681850792851,-0.03715308103866221,0.33003688842677636,0.5777934694970558,0.5594553828714958,-0.5862371511021742,-0.7966357448157004,0.8690175724525662,1.2667107979071934,-0.2694290807316162,-0.3507738498087724,0.5668387453988514,-0.029225542041925675
38.nii.gz,1.9104963064286264,-1.3025700113393934,-1.1978114895594314,-0.21450019415824426,0.3121633717274189,-0.6420165265295668,0.6481701544672033,-0.5849846881295547,-0.15276337492273237,-0.8513821533621009,-0.6883757605999168,-1.2859359211913386,-0.3656819457071375,-0.4087020397044968,2.5240694180455967
39.nii.gz,0.8081231190894508,-0.1956319850252756,-0.6965317996972801,-0.2315399718069884,-0.08738167981907433,-0.5221133235969061,-0.6797572694184836,0.28375425344605604,-0.3701024695324826,0.53187937898656,-0.38093302172541543,-0.20560939619327545,0.17292451513213272,-0.4528153061253556,-0.14519141657049323
4.nii.gz,0.5491712000657081,0.3771057838920806,-1.589505170879467,-1.9458087681817586,0.1495974301269952,-0.5831520035461266,0.029887632404427836,0.7770189872850092,-0.19542886870526147,-2.285175675528099,-0.061563047324208385,-0.5597994139898617,-0.3623479974418975,-0.5343184532206617,0.35607849295676075
40.nii.gz,1.1017289133860195,-0.5164563055617848,0.8046608474832447,0.7820977258378496,-1.7290531228330666,-0.33391861568886055,-0.12402129030223602,1.1129291785826165,-0.5017794571408933,-0.10876322061535446,0.5061951670224806,-0.15756524716816048,-0.16742848421401432,-0.5805122444470503,0.5503913961021888
41.nii.gz,0.3577229189857001,0.0038627903144652404,0.5773395316338257,0.4546924916092638,0.9742335056152387,0.26571335335754426,-0.6570349624901556,-0.0950844779515928,-0.6870860376597395,0.6654162771322599,0.7567048715215416,-0.7770925301853021,-0.3641904875724796,0.9195528864313117,0.08653682276050428
42.nii.gz,2.4816644047478635,0.747800829113678,-1.977785314559247,-0.7258312797502119,-0.09899047615475663,0.8654692776026892,-0.23547905457346424,-0.1262441363918492,1.4269152631330702,0.07601109394868232,-1.8485384371633744,-0.9689918140411464,-0.3668154221449788,-0.07702692826799173,3.1965574524593645
43.nii.gz,0.6260972208543554,0.20499079103382867,0.2742154661707299,0.24737416566304393,0.5448831047902065,0.27073079927604066,-0.6935392715760316,0.5405304861147736,-0.7656234671540344,0.8484702324267126,1.27640411541726,-0.7860796358356045,-0.3633077905547228,0.966022936707302,0.0567361313977247
44.nii.gz,-0.9764441274577984,-0.8194670387222293,-0.15789356472643562,-0.7153182069904644,0.13322356690815437,0.23346745438050992,0.2352109321614745,-1.7026735698920195,-0.40105038956099726,0.3301068959721213,-0.8244791056741458,0.22267968004469801,0.0472334420906927,-0.034382129790484925,-0.8532216503758633
45.nii.gz,-0.3422627749469147,-1.4514771360894176,0.6273413565800803,0.6389600538554076,-1.2299597622525906,-0.5521596447131161,-0.4713516342445218,1.508815586856294,-0.22415346345205153,-0.156087073617013,0.6716370323598557,-0.7161500379749336,-0.22403521370745413,-0.5922629036375417,-0.255166307168185
46.nii.gz,-0.41986053122890327,0.2730037605920831,0.06519437866222837,-0.034124599711700815,1.0754234155831246,-0.6383588957402043,-0.7483493981897943,-1.4480757463972393,0.17943361736057775,0.09383765321479168,-1.1294693276669439,0.7600604006221605,-0.36455244447379725,-0.1350979240180056,-0.39204412163644176
47.nii.gz,-0.48411874932464904,0.9714343725902349,0.06898096266188379,-0.12468032934857211,-0.8800792569361154,0.64511633196556,-1.4712215182991806,-0.3672744367739353,2.618953711324078,0.7822803404726802,-1.1455130474943171,-0.5240527411913384,-0.36630153030846685,-0.5778462125684516,-0.0886947003331262
48.nii.gz,0.6190052557894785,-0.673683703316337,-0.36765592205932096,0.22370254024761152,0.5697671147162289,-0.47592655411744395,-0.3935874639388072,-0.4449676934772111,-0.21986644910358916,0.05249518519993211,0.09086694053349947,-0.38660691220521193,-0.35166009690060956,-0.6212942577392421,0.5878179746559387
49.nii.gz,2.3271179216156517,0.5116043556632196,-0.12851269631722168,-0.077350085257657,-1.7516221310990108,-0.6632548550056693,-0.5852663414900204,-0.9747381931775385,0.7065938129790269,0.01909553877404452,-1.7275456861471135,1.0525308307323509,-0.1732772216247312,-0.5361238927494464,2.7833556597595988
5.nii.gz,-0.9052349521076284,-1.4883800598421613,1.2437715754618308,-0.015851742412411232,3.846378873964118,0.7554412048973713,-0.6685051897319954,-1.604233575335665,-0.5491276980160635,0.2649810099972967,0.1360017540379372,1.232464210808589,-0.33359115006732387,-0.600058578867682,-0.8469910344792824
50.nii.gz,-0.5356632390260494,-0.0716077200090202,0.45530530436455496,0.8147685811431248,0.19778358639006355,-0.666900559476513,-0.1482181658838586,-0.2165931830750968,-0.4358464323500288,-0.18254833598872938,1.895387228390877,-0.4865862971928839,0.08458862967616305,0.08861720337079679,-0.34363438771616106
51.nii.gz,0.0033146366258940707,-0.5155789679410903,0.13670446800446595,0.6444939364041231,0.7506784044067744,-0.316828298821475,0.03607342928364255,-0.22869997400143538,1.0965520313510064,-0.3222092666002379,-0.9143538816760093,0.1378906705866173,-0.31560905727374683,-0.6140418813122932,-0.17478344947572602
52.nii.gz,0.052206656000124085,-0.5763269174935266,-0.8560520105080008,-0.17041065247145223,-0.8147903868447712,1.2811676283021023,0.9714902252537417,0.47609833419361614,1.5785372078213589,-0.559911773349301,-1.6376141140320362,-0.10650118020432416,-0.34814764455826835,-0.9596001264508403,0.3631745430012889
53.nii.gz,1.4309326186453124,0.5715193627573217,-0.2350150673362266,0.056131943319981066,-0.09228977226250894,-0.7026122268806554,-0.03874098441413197,0.11552579097401693,1.4487807614005712,1.050629901040096,-0.825878826259808,-0.7544419051265138,0.2776044281407821,0.1468314216046668,1.9610059620444753
54.nii.gz,0.06710091531217657,-0.22458366343723757,0.134157596501618,0.6723396439981352,0.46091420042345105,-0.7194254487129417,1.4447802053027556,1.244575331377202,0.33470335053731354,0.023926420695187217,0.09381956497511086,-0.9657190188204147,0.011857324767438181,-0.27813152560233,-0.027978766680007882
55.nii.gz,-0.7980539574260496,-1.0711186431185118,1.0234397690474686,0.3188566727294337,0.9016699676931292,0.18846454072653107,-0.6620885728384135,-1.7220041068816154,-0.6043920212028377,-0.3847434934394984,0.1073982150174975,-0.2005528545611869,-0.3620041944243373,-0.5279801887926932,-0.7174922777673186
56.nii.gz,0.274526332342727,1.407011927364831,-0.07499346163689026,0.7963742026662811,0.5063937351063181,-0.4842107842813599,-0.964675576851409,0.4337154813338502,-0.46341029401069966,1.2156878140755043,0.6713040268046646,-0.5848721964141587,-0.36393378440325413,-0.16900718826366773,0.3459560768055192
57.nii.gz,-0.6376651255768958,1.206256659365206,1.0881502413093496,0.8495052308461268,0.7578822553071763,-0.2371898293977862,-0.42442825672679146,0.9538062240549925,-0.6988090115864354,1.1391055633899176,1.681689059396262,-0.22466866849884432,0.8346029862770598,0.0011220060131688836,-0.5878447510047584
58.nii.gz,0.6746550086196851,0.08971509255289123,-0.8222099183531358,0.5753412086764769,1.1409316949511001,-0.6612913064597494,-0.381768276259145,1.0963419422805925,-0.5045705103870338,-0.4124465721501698,0.003170468614334107,1.8021368006826952,0.3736964926254209,-0.6697382742586908,0.06972918795902987
59.nii.gz,0.1612109130781743,-0.3823929228094075,-0.2948723059410209,-0.10956892669573787,0.8919187977870866,-0.31835122004372246,-0.6502859389277197,-1.117972324923881,-0.4233987055698851,0.6618916404761249,0.9551055545160672,-0.12301921620248156,-0.363389566344978,-0.4440618470328382,0.18337053527362343
6.nii.gz,0.053911980539574376,-0.6811330722519918,-2.3290963824973576,-2.5371565328453443,0.7125155676704044,-0.4950854736135384,-1.8054110466373652,0.7863127035227157,-0.3951119591283778,-2.2751156678137936,0.09885785030326853,-1.193907617431429,-0.31923491041890134,-1.036084867672263,-0.23205220646642985
60.nii.gz,-0.9869636136483971,-2.6119948052607675,0.1576750741445459,-0.8919294014641523,0.927081115760794,-0.2301584319589475,1.7962535864819338,-2.556472723652604,-0.5370850553933978,-1.280179564661596,-0.9789067176997853,2.110811406756067,-0.2953051122855746,-1.6209559321643372,-0.8722385648828006
61.nii.gz,-0.38460198910316035,-0.48432893157205154,0.5070141984170559,0.26389194115610626,-0.046094287158960495,-0.42768147135700063,-0.6671849955353466,-0.662311911479573,-0.581514603348521,0.19893696526113017,0.42700942369648104,0.5347804013185341,-0.3638438937028438,0.10848647838824334,-0.36491999748400616
62.nii.gz,-0.08917449713191684,-0.16577434255209955,-1.9298149335345947,-0.9505188011130467,-0.5911385424213462,0.1256684750711298,-0.9173638585293106,-1.1406743718630763,-0.28350488927095197,-0.07129304484587679,-1.1547722675260639,-0.8124890677171182,-0.11289417759517233,1.1246255442894362,0.042595651410059644
63.nii.gz,5.139177633069579,-0.9598139734330781,-2.2862016155906777,-0.9605654762352753,-1.5445715605016959,-0.6309088225418192,0.2844326412437315,-1.0574122214522688,1.1959347854749631,-0.47373461545095163,-2.0177181589677624,-0.38137555335642565,-0.36533267262177743,1.4140324113167029,3.761092106267404
64.nii.gz,2.481174639763,0.11367282573816564,-0.6312769282609679,0.2683177666951209,-1.842344587468041,-0.6603377686913474,-0.2544780428290312,0.35613249265070396,0.5828476728769681,0.38599849906264694,-1.0698995213681937,-0.19012373744500202,-0.004891651430560907,1.145465420911642,3.9863804994881558
65.nii.gz,-1.013897761386041,-3.816540839979682,1.15533290427484,0.11327988647389715,0.5422718956651071,1.0978448985045466,2.1692827422094942,0.0518763916958126,6.876828065493281,-0.735519363943715,-1.624394271183493,2.0862680985512565,-0.0794212260671442,0.8428720372128502,-0.8619304810675222
66.nii.gz,2.953029457199367,-0.3322466631308475,-0.9583429667146142,-0.6388958945521624,-0.7066794385367533,-0.7120313615119556,1.7541645260575915,-1.2946938257896543,0.3084676446791601,-0.24299172952360654,-1.8075777070057018,-0.39910638931456455,-0.36054895592780495,1.5132132265490488,4.351343719018067
67.nii.gz,0.09800750895582999,-0.34563023506839224,0.31926278496891974,0.5267753811666113,0.33099037392416675,-0.5821679296653083,-1.5092384528892229,-0.7508984159426774,-0.2968755886645698,0.29149924332382404,0.18334497016858217,-0.5072430970292194,-0.34283460317173653,-0.02766705950553919,0.02946676430510777
68.nii.gz,-0.2277683460336701,-0.024566457729004988,0.6403614960796316,0.5091652479654903,0.7515914122456583,0.3397025835212403,0.1353397123099197,-0.5019850312771789,-0.5329987028406362,0.24055880613112193,0.790980783852956,-0.12029918033452218,0.6215423343900184,0.9988964645997717,-0.6079136852805582
69.nii.gz,-0.18843765125359807,-0.6706666793304623,0.5454667813676274,0.49584170949807194,-0.20009685523639154,-0.15395536384789496,-1.5616182825411926,-0.5132045157892167,-0.7516276278465432,0.43580373576689396,0.3082885132243165,-0.68441998951611,-0.35136682399389396,0.031380142014152734,-0.6430242068065408
7.nii.gz,0.06718955970764641,0.047506726484755325,-0.25400515374578697,-0.07676665402725175,0.1002517233876875,-0.38666307572061576,-1.177974161424535,0.004916515864811604,-0.33897900654226915,0.7931391167598015,0.169521882405417,-0.33315029709709204,-0.14071862030383817,-0.24964523800997265,-0.07269693424384356
70.nii.gz,-0.9419917051985236,0.2870900822412354,1.4415096332487487,0.2572190555731643,-0.14547767248141633,-0.558313199177765,-1.2265342936338184,-0.1817242076943753,0.5395772091536695,0.5197062236782001,-0.25644725092111254,0.5415736384109379,-0.29275391902746395,-0.41531446669436134,-0.7578501937703179
71.nii.gz,-0.29742787730377507,1.044660447707455,0.13544556296411323,-0.07643551089756226,0.1963841598380034,0.2855394901434991,-0.3275385515616285,0.925352081287584,-0.6659444013636644,0.881954043779865,1.2910640551381034,1.7739917800688236,-0.3614167816039727,-0.6199785995520714,0.22864273667540264
72.nii.gz,3.8043448353093776,0.14335437576620672,-0.442691307083329,-0.052162435528630105,-1.4067702021781996,-0.5395555086670268,-0.41587073796814555,0.03431262643314046,1.0739905481084169,-0.34745593962664156,-1.6772895847389504,-0.5850485738996726,-0.1316981752419686,-0.6050594874130986,3.802953352829387
73.nii.gz,0.7622549625231351,0.5868874647783552,-0.31018716995642553,-0.0731358986244355,-0.2272702593259347,-0.7396221456367422,-0.04343958495676569,-0.11255794809989192,1.0544868465182582,0.7312895882481754,-1.055612010153654,-0.2837524126461044,-0.29017483091004115,0.26079461143844446,1.4335473321268861
74.nii.gz,0.1384183465771683,0.4261652040488205,-0.16830958310363475,0.40365647502424457,1.419474334008568,-0.25395904738888125,0.07614344785527973,-0.6843661645355195,-0.6342136699724401,0.011407125036067533,-0.44632087515926727,-0.141414301745886,-0.3623706566621452,-0.3970383727550284,-0.548860336118371
75.nii.gz,-0.961707593248744,-3.0672452647920143,0.7711042415697967,0.17711368164486269,0.6303268738426216,-0.6545119795835828,0.4663555508072203,-2.1990867534830816,-0.6405523441240042,-1.0231350979815854,0.7536363478074231,0.3749872422494694,-0.34701852251282406,-0.7567532286954936,-0.8196471663187399
76.nii.gz,1.3854128833217652,-0.15216007689580757,-0.38700894204463776,0.7076014892304622,0.12219996759112883,-0.6313351662541895,0.5162348068374102,0.8853975236710342,0.2074079476403626,-0.1204012199576046,0.3890345634392947,-0.9567125425246482,-0.3536057492374316,-0.6292215040015895,1.364658959457788
77.nii.gz,-0.44684748263980373,-0.13741349820780008,-0.18605232327425444,-0.37110263385174574,-0.24565800594838735,-0.3715925269753681,-1.2496189288838806,-0.05366479640099925,-0.6165247708869231,0.6033616953571389,-0.4877253538995492,0.3920826958453634,0.015217239214536545,-0.8557771514643057,-0.530520738481446
78.nii.gz,0.3726206958269932,0.1546803740330832,-0.8317354037967034,-0.3212991759128557,0.946953632180198,-0.5005655030998903,0.29289235165938626,-0.5664389332249883,-0.0031926357702766516,0.854857991969816,0.0006363721920406123,-0.6656245531272944,-0.3633430504707029,-0.6391426025468315,0.7002315557831345
79.nii.gz,1.809066543062148,0.24391254106749455,-0.1950284052234383,0.43076134821618717,-1.5338884127334846,0.12096140297103189,-0.4177396962770166,1.3151381065207044,1.1723877193452807,-0.332191629868074,-1.490322577363797,1.108150676218424,0.32653759588501896,-0.6445643224842641,2.4467363091853684
8.nii.gz,-0.9680872001106544,0.5350992773160099,0.47527115260815456,-1.4240670633171002,0.21057334092450036,-0.22643736649239543,-0.5129515182084656,-0.4782552336251033,-0.7362154485371896,-2.188142293683716,1.1248845689789448,0.3749872422494694,-0.3078416148268058,-0.6228012631879413,-0.8795922440649926
80.nii.gz,3.040896106315344,1.6537133609729946,-1.0082313042712265,1.1495024262398723,-0.8415354984290908,-0.5077321679894605,0.13799247922984156,0.5489743807477135,1.502113699440189,0.512482821068769,-1.1550710228833911,-0.13778080945875595,-0.3619823306133076,-0.5594514129570479,2.210414812250241
81.nii.gz,1.1710376432913747,1.0560850419880008,-0.9312999304501952,0.28545120370871463,0.536785510809173,-0.011933162333934757,-0.4408021976116641,-0.2201118662642506,-0.47233141504555987,0.41714424743538386,-0.3153570060037483,2.0684825894938323,-0.3327388380268953,0.5347414160566845,-0.13218846776498466
82.nii.gz,-1.0368266771136112,-1.3761979563798985,1.5335357902638729,0.07843897388871614,0.1949449890067794,-0.43886686458207486,-0.9908198638049539,0.9887327662805951,0.024976528926020376,-0.7557396672920312,-0.8106201846140231,0.2775431567528681,-0.11992677951410165,-1.0591056088693687,-0.8735118456288048
83.nii.gz,-0.1731112092263074,1.841345354409374,0.5821352588083146,1.3598853422276542,-0.5184832383920449,-0.5990183181810177,-0.11655163658647448,0.7377779813158367,0.43329865413252056,0.8677133472237939,-0.6083857443403916,1.098001512979597,0.1961888773919473,-0.21433006774493177,0.2801956403634882
84.nii.gz,-0.9724806556906521,1.6292466049025394,1.1394958912543245,0.13424606275354983,-0.6034492902976826,-0.28952684632601666,-1.7523731695482065,-0.0379448179807587,0.46602616219281107,0.8800259065769174,-0.6533426416987155,0.8848690849642421,0.4637389472432278,-0.607109929537395,-0.7454760901535458
85.nii.gz,-0.6572925143556335,-2.34557950992075,-0.5332965342041867,-0.7732474870084046,-0.0833829540091793,1.0059654400440863,-1.2317759817542133,-2.1286676729517486,0.7194854750318267,-0.4869707804272379,-0.8802165898487199,-1.961154319656129,-0.3625212661463888,-0.04770301122115544,-0.5447096434878923
86.nii.gz,-0.1897237736566245,1.5046786753736185,0.4455495966737485,1.1410058202262847,-0.6289638155066379,-0.6615727062568063,0.5893274007750856,0.13158591843976508,-0.041072393926434275,0.7839396564472508,-0.4634390365914814,1.5200395410261367,0.016616409304197523,-0.4772319445091322,-0.24477024100789213
87.nii.gz,0.648066876863156,-0.5615771828094047,-0.8141841857878864,0.7117399647610085,0.6403650685897009,-0.6468391335474948,0.4901321077713677,1.8762393701865165,-0.3289270373927267,-0.30461425195865727,0.24408191497984397,-1.3746207357945142,0.5420467141542693,-0.49962022533339084,0.11667116529741706
88.nii.gz,-0.3660443564676666,0.7560138065393692,0.20312197117504674,0.32679741642204946,0.09880177742932773,-0.637483630874231,-1.4274652265779821,0.08660444779872571,-0.3429622097143031,0.6538584193668193,0.33163147644901175,0.426088607840084,-0.3653309624257758,0.09838732159271546,-0.138090480643797
89.nii.gz,-0.4184214737225403,0.3743192060543649,0.21830557929941638,-0.2203227841048997,0.2519352048379146,-0.4373450139954427,0.11777837634630794,1.3307320105862068,-0.35772441995837456,1.056210609088633,0.9669320109670464,-0.0678821965996893,-0.36453866504907134,-0.7250853618239484,-0.036264488864174306
9.nii.gz,0.8100870699283236,-0.09486193410292058,-3.2464485706117485,-2.8341657200801373,-0.6704765578583538,0.14102002721964763,0.7770682205595144,-1.0548556714095814,6.276868862061992,-2.7625884500632307,-1.3284888040139728,-1.3562725818277275,-0.36739698898895407,-1.1548907338099437,0.3282146119596559
90.nii.gz,0.990650403071491,1.0105775809162931,-0.34096128244435936,1.2574043318383274,0.6798085345483135,-0.6549885256027627,-0.04765207148245665,1.2363068068589704,-0.4716625000450077,0.5491774561054384,0.9985976499374465,-0.7984157707552976,0.23734147879325612,-0.2229058262455458,0.01548302942489242
91.nii.gz,-0.7458853204810809,-2.3337424800424817,0.524642500290334,-0.5474685103254354,-1.7591975415023149,0.9308282676697016,-0.4210791068341624,-0.19324388890693042,0.7117511442273282,0.38158425651333727,-0.840659727721182,-0.5969361780753318,-0.038879072232540224,0.1180821581933536,-0.6736680083942596
92.nii.gz,-0.7715784543263376,-0.13334627406249658,-0.7214366152811088,0.10679001395987195,2.590714785839253,-0.6367469443369159,-0.7556794221946566,-0.7591782812651191,-0.46622349105297634,-1.1032981146529688,-0.6190214897394375,0.4730994755715606,-0.3633270015453361,-0.9928944697464472,-0.7851984777276272
93.nii.gz,-0.3518359280950395,-1.1048100336126248,-1.4111059894079714,0.058331514831927056,0.12469734130195746,0.26730590710502605,-1.0213010518163528,1.071218469373956,0.20052576654138715,-0.4568250026306467,-0.2632272037776947,-0.07564047455597721,1.2230596070877395,0.027032521123624566,-0.423367245369234
94.nii.gz,-0.7219595300566308,-1.1379810425088699,0.26469042547516713,-0.3129747645948963,-0.1609459138635993,0.454108725873145,0.21357870110665075,-0.6498308558368886,-0.37582054410547283,0.26015678477670734,-0.20944342804941435,0.10704071405204629,-0.36434286348497374,2.026082230739576,-0.6191645540052368
95.nii.gz,-0.4604341075040058,0.23360897848986015,0.2213534259454891,0.6930100493406729,1.0549299089955202,-0.6904378473587814,0.03596391377494102,1.3705541186903873,-0.4380103979238738,-0.08264234242386209,0.2049948902574987,-0.6825676856401117,0.28289485535420505,-0.5422009665312686,-0.5128329092501182
96.nii.gz,-0.9011768887702559,0.8071650958201849,1.64860012697851,1.5383486254584942,0.1876161727044882,-0.40323278968395737,-0.9116057027761646,0.8094365288532922,-0.07829519316676066,0.07652712605023071,-0.2857266755508419,-0.19184436619481093,-0.04332439245082799,-0.8430886342066615,-0.8010149274657635
97.nii.gz,0.8318772567525781,0.6656403239362114,0.06992945501674962,1.1782102957966216,0.13756395491470608,-0.6322660376907195,-0.5030672969574438,0.2830728030516727,-0.19429294515185525,0.2304998630370033,0.3761101893609187,0.5643610792905176,-0.3604275384376157,-0.6237787149018472,0.14043921849940125
98.nii.gz,-0.2204238686995664,0.12102585698225915,-1.0219915990589301,-2.0143642423288393,0.29296644964499036,-0.5746883332849142,-1.2584984975654212,0.0997670344010745,-0.13387255209038262,-2.3230997158499456,0.6138743726284797,-0.5309712368412193,-0.36716857937106,-0.9466478540741637,-0.1307926484114767
99.nii.gz,0.39640937387817976,0.2751172768437359,-1.4247082746321589,-2.5149904239701635,0.7867294397987689,0.5014992726826609,0.18462778392436255,-0.21979002742979062,-0.5358088166798312,-2.1132254989758534,1.8841072342339553,-0.4419047410251606,-0.35805739231406064,-1.057102737759765,-0.2743874922046682
